{
    "ma_sauvegarde": {
        "nom": "ma_sauvegarde",
        "joueur": {
            "argent": 9999.889999999998,
            "portefeuille": {
                "TechCorp": 0
            }
        },
        "entreprises": {
            "TechCorp": {
                "debut": 0,
                "valeurs": [
                    4.596465522757928,
                    4.56,
                    4.5,
                    4.7,
                    4.94,
                    5.24,
                    5.45,
                    5.45,
                    5.36,
                    5.36,
                    5.35,
                    5.37,
                    5.36,
                    5.3,
                    5.32,
                    5.44,
                    5.52,
                    5.41,
                    5.48,
                    5.52,
                    5.54,
                    5.52,
                    5.44,
                    5.36,
                    5.44,
                    5.45,
                    5.57
                ]
            },
            "HealthInc": {
                "debut": 0,
                "valeurs": [
                    89.64329641099802,
                    89.51,
                    88.38,
                    88.94,
                    88.81,
                    87.5,
                    86.54,
                    84.98,
                    85.72,
                    86.29,
                    87.5,
                    87.47,
                    87.49,
                    87.8,
                    87.01,
                    86.41,
                    85.25,
                    85.88,
                    87.19,
                    88.12,
                    88.15,
                    87.35,
                    86.84,
                    86.03,
                    86.08,
                    85.22,
                    85.33
                ]
            },
            "AutoMakers": {
                "debut": 0,
                "valeurs": [
                    79.94836366601997,
                    81.12,
                    80.61,
                    80.58,
                    80.96,
                    81.66,
                    82.2,
                    83.43,
                    84.7,
                    84.56,
                    83.95,
                    84.86,
                    85.21,
                    84.33,
                    83.38,
                    83.51,
                    83.64,
                    82.63,
                    83.17,
                    82.94,
                    82.58,
                    82.64,
                    83.04,
                    82.17,
                    83.14,
                    84.57,
                    85.46
                ]
            },
            "Foodies": {
                "debut": 0,
                "valeurs": [
                    36.24767051158922,
                    36.44,
                    36.71,
                    36.66,
                    36.84,
                    37.27,
                    36.86,
                    36.27,
                    35.99,
                    36.17,
                    36.63,
                    37.23,
                    37.34,
                    37.54,
                    37.44,
                    37.56,
                    37.17,
                    37.32,
                    37.25,
                    37.02,
                    36.75,
                    36.61,
                    36.25,
                    35.97,
                    35.91,
                    35.59,
                    35.21
                ]
            },
            "FinTech": {
                "debut": 0,
                "valeurs": [
                    63.448624366339786,
                    62.54,
                    62.81,
                    62.03,
                    62.31,
                    63.28,
                    62.72,
                    63.35,
                    63.41,
                    63.57,
                    64.14,
                    65.19,
                    65.08,
                    64.13,
                    63.81,
                    62.83,
                    62.15,
                    62.25,
                    61.57,
                    60.5,
                    60.88,
                    60.39,
                    59.87,
                    60.38,
                    61.15,
                    62.19,
                    63.27
                ]
            }
        },
        "parametres": {
            "theme": "clair",
            "style_courbe": "ligne",
            "couleurs": {}
        }
    }
}